Ticker,Currency,CurrencySource,CurrencyWarning,CF_CURR
20202.OL,NOK,CF_CURR,,NOK
8TRA.ST,SEK,CF_CURR,,SEK
AAB.CO,DKK,CF_CURR,,DKK
AAK.ST,SEK,CF_CURR,,SEK
ABB.ST,SEK,CF_CURR,,SEK
ABL.OL,NOK,CF_CURR,,NOK
ACADE.ST,SEK,CF_CURR,,SEK
ACAST.ST,SEK,CF_CURR,,SEK
ACELP.ST,SEK,CF_CURR,,SEK
ACG1V.HE,EUR,CF_CURR,,EUR
ACRIa.ST,SEK,CF_CURR,,SEK
ACTI.ST,SEK,CF_CURR,,SEK
ADDTb.ST,SEK,CF_CURR,,SEK
AFAGR.HE,EUR,CF_CURR,,EUR
AFGA.OL,NOK,CF_CURR,,NOK
AFK.OL,NOK,CF_CURR,,NOK
AFRY.ST,SEK,CF_CURR,,SEK
AGATE.CO,DKK,CF_CURR,,DKK
AGFEb.CO,DKK,CF_CURR,,DKK
AKAST.OL,NOK,CF_CURR,,NOK
AKBM.OL,NOK,CF_CURR,,NOK
AKH.OL,NOK,suffix_fallback,,
AKRBP.OL,NOK,CF_CURR,,NOK
AKSOA.OL,NOK,CF_CURR,,NOK
AKVA.OL,NOK,CF_CURR,,NOK
ALFA.ST,SEK,CF_CURR,,SEK
ALIFb.ST,SEK,CF_CURR,,SEK
ALIG.ST,SEK,CF_CURR,,SEK
ALIVsdb.ST,SEK,CF_CURR,,SEK
ALKb.CO,DKK,CF_CURR,,DKK
ALLEI.ST,SEK,CF_CURR,,SEK
ALLIGOb.ST,SEK,CF_CURR,,SEK
ALVO.IC,ISK,CF_CURR,,ISK
AMBEA.ST,SEK,CF_CURR,,SEK
AMBUb.CO,DKK,CF_CURR,,DKK
AMRQM.IC,ISK,CF_CURR,,ISK
ANNEb.ST,SEK,CF_CURR,,SEK
ANODb.ST,SEK,CF_CURR,,SEK
ANORA.HE,EUR,CF_CURR,,EUR
ANOT.ST,SEK,CF_CURR,,SEK
AOJb.CO,DKK,CF_CURR,,DKK
APETIT.HE,EUR,CF_CURR,,EUR
APOTEA.ST,SEK,CF_CURR,,SEK
AQ.ST,SEK,CF_CURR,,SEK
ARCHA.OL,NOK,CF_CURR,,NOK
ARJOb.ST,SEK,CF_CURR,,SEK
ARP.ST,SEK,CF_CURR,,SEK
ARPL.ST,SEK,CF_CURR,,SEK
ARRA.OL,NOK,CF_CURR,,NOK
ASA.OL,NOK,CF_CURR,,NOK
ASKER.ST,SEK,CF_CURR,,SEK
ASPO.HE,EUR,CF_CURR,,EUR
ASSAb.ST,SEK,CF_CURR,,SEK
ATCOa.ST,SEK,CF_CURR,,SEK
ATEA.OL,NOK,CF_CURR,,NOK
ATIC.ST,SEK,CF_CURR,,SEK
ATLA.CO,DKK,CF_CURR,,DKK
ATORX.ST,SEK,CF_CURR,,SEK
ATRAV.HE,EUR,CF_CURR,,EUR
ATRLJb.ST,SEK,CF_CURR,,SEK
ATTE.ST,SEK,CF_CURR,,SEK
AUSS.OL,NOK,CF_CURR,,NOK
AUTO.OL,NOK,CF_CURR,,NOK
AXFO.ST,SEK,CF_CURR,,SEK
AZN.ST,SEK,CF_CURR,,SEK
AZT.OL,NOK,CF_CURR,,NOK
B3.ST,SEK,CF_CURR,,SEK
BACTIb.ST,SEK,CF_CURR,,SEK
BAKKA.OL,NOK,CF_CURR,,NOK
BALCO.ST,SEK,CF_CURR,,SEK
BAVA.CO,DKK,CF_CURR,,DKK
BEGR.ST,SEK,CF_CURR,,SEK
BEIAb.ST,SEK,CF_CURR,,SEK
BEIJb.ST,SEK,CF_CURR,,SEK
BERAHF.IC,ISK,CF_CURR,,ISK
BERGb.ST,SEK,CF_CURR,,SEK
BERNERb.ST,SEK,CF_CURR,,SEK
BESQAB.ST,SEK,CF_CURR,,SEK
BETCO.CO,DKK,CF_CURR,,DKK
BETCO.ST,SEK,CF_CURR,,SEK
BETSb.ST,SEK,CF_CURR,,SEK
BEWI.OL,NOK,CF_CURR,,NOK
BHGF.ST,SEK,CF_CURR,,SEK
BICO.ST,SEK,CF_CURR,,SEK
BIF.CO,DKK,CF_CURR,,DKK
BILIa.ST,SEK,CF_CURR,,SEK
BILL.ST,SEK,CF_CURR,,SEK
BINV.ST,SEK,CF_CURR,,SEK
BIOAb.ST,SEK,CF_CURR,,SEK
BIOBV.HE,EUR,CF_CURR,,EUR
BIOGb.ST,SEK,CF_CURR,,SEK
BIOPOR.CO,DKK,CF_CURR,,DKK
BITTI.HE,EUR,CF_CURR,,EUR
BMAX.ST,SEK,CF_CURR,,SEK
BNOR.OL,NOK,CF_CURR,,NOK
BO.CO,DKK,CF_CURR,,DKK
BOL.ST,SEK,CF_CURR,,SEK
BOLJ.ST,SEK,CF_CURR,,SEK
BONAVb.ST,SEK,CF_CURR,,SEK
BONEX.ST,SEK,CF_CURR,,SEK
BONHR.OL,NOK,CF_CURR,,NOK
BOOZT.CO,DKK,CF_CURR,,DKK
BOOZT.ST,SEK,CF_CURR,,SEK
BOR.OL,NOK,CF_CURR,,NOK
BOREO.HE,EUR,CF_CURR,,EUR
BORG.ST,SEK,CF_CURR,,SEK
BOUL.ST,SEK,CF_CURR,,SEK
BOUV.OL,NOK,CF_CURR,,NOK
BRAV.ST,SEK,CF_CURR,,SEK
BRGB.OL,NOK,CF_CURR,,NOK
BRIMH.IC,ISK,CF_CURR,,ISK
BRINb.ST,SEK,CF_CURR,,SEK
BTSb.ST,SEK,CF_CURR,,SEK
BUFAB.ST,SEK,CF_CURR,,SEK
BULTEN.ST,SEK,CF_CURR,,SEK
BWE.OL,NOK,CF_CURR,,NOK
BWLPG.OL,NOK,CF_CURR,,NOK
CADLR.OL,NOK,CF_CURR,,NOK
CAMX.ST,SEK,CF_CURR,,SEK
CANTA.ST,SEK,CF_CURR,,SEK
CAPSL.OL,NOK,CF_CURR,,NOK
CARAS.ST,SEK,CF_CURR,,SEK
CARLb.CO,DKK,CF_CURR,,DKK
CAST.ST,SEK,CF_CURR,,SEK
CATE.ST,SEK,CF_CURR,,SEK
CATME.ST,SEK,CF_CURR,,SEK
CAVEN.OL,NOK,CF_CURR,,NOK
CBRAIN.CO,DKK,CF_CURR,,DKK
CEMAT.CO,DKK,CF_CURR,,DKK
CEVI.ST,SEK,CF_CURR,,SEK
CHEMM.CO,DKK,CF_CURR,,DKK
CIBUS.ST,SEK,CF_CURR,,SEK
CINPHA.ST,SEK,CF_CURR,,SEK
CINT.ST,SEK,CF_CURR,,SEK
CLASb.ST,SEK,CF_CURR,,SEK
CLOEb.ST,SEK,CF_CURR,,SEK
CLOUD.OL,NOK,CF_CURR,,NOK
CMBT.OL,NOK,CF_CURR,,NOK
COLOb.CO,DKK,CF_CURR,,DKK
COLUM.CO,DKK,CF_CURR,,DKK
CONSTI.HE,EUR,CF_CURR,,EUR
CONTX.OL,NOK,CF_CURR,,NOK
COOR.ST,SEK,CF_CURR,,SEK
COREa.ST,SEK,CF_CURR,,SEK
CPHCAPST.CO,DKK,CF_CURR,,DKK
CRADb.ST,SEK,CF_CURR,,SEK
CRNA.OL,NOK,CF_CURR,,NOK
CTEK.ST,SEK,CF_CURR,,SEK
CTH1V.HE,EUR,CF_CURR,,EUR
CTTS.ST,SEK,CF_CURR,,SEK
CTY1S.HE,EUR,CF_CURR,,EUR
DANT.CO,DKK,CF_CURR,,DKK
DEDIC.ST,SEK,CF_CURR,,SEK
DEMANT.CO,DKK,CF_CURR,,DKK
DFDS.CO,DKK,CF_CURR,,DKK
DIGIA.HE,EUR,CF_CURR,,EUR
DIGIGR.HE,EUR,CF_CURR,,EUR
DIOS.ST,SEK,CF_CURR,,SEK
DNO.OL,NOK,CF_CURR,,NOK
DNORD.CO,DKK,CF_CURR,,DKK
DOFG.OL,NOK,CF_CURR,,NOK
DOMETIC.ST,SEK,CF_CURR,,SEK
DOV1V.HE,EUR,CF_CURR,,EUR
DSV.CO,DKK,CF_CURR,,DKK
DUNI.ST,SEK,CF_CURR,,SEK
DUST.ST,SEK,CF_CURR,,SEK
DYVOX.ST,SEK,CF_CURR,,SEK
EAST9.ST,SEK,CF_CURR,,SEK
EEZY.HE,EUR,CF_CURR,,EUR
EG7.ST,SEK,CF_CURR,,SEK
EGTX.ST,SEK,CF_CURR,,SEK
EIKF.IC,ISK,CF_CURR,,ISK
EIMS.IC,ISK,CF_CURR,,ISK
EIOF.OL,NOK,CF_CURR,,NOK
EKTAb.ST,SEK,CF_CURR,,SEK
ELABS.OL,NOK,CF_CURR,,NOK
ELANb.ST,SEK,CF_CURR,,SEK
ELEAV.HE,EUR,CF_CURR,,EUR
ELISA.HE,EUR,CF_CURR,,EUR
ELK.OL,NOK,CF_CURR,,NOK
ELMRA.OL,NOK,CF_CURR,,NOK
ELO.OL,NOK,CF_CURR,,NOK
ELON.ST,SEK,CF_CURR,,SEK
ELTEL.ST,SEK,CF_CURR,,SEK
ELUXb.ST,SEK,CF_CURR,,SEK
EMBLA.CO,DKK,CF_CURR,,DKK
EMGS.OL,NOK,CF_CURR,,NOK
ENDUR.OL,NOK,CF_CURR,,NOK
ENEA.ST,SEK,CF_CURR,,SEK
ENENTO.HE,EUR,CF_CURR,,EUR
ENGCONb.ST,SEK,CF_CURR,,SEK
ENH.OL,NOK,CF_CURR,,NOK
ENRO.ST,SEK,CF_CURR,,SEK
ENSG.CO,DKK,CF_CURR,,DKK
ENSU.OL,NOK,CF_CURR,,NOK
ENTRA.OL,NOK,CF_CURR,,NOK
ENVIP.OL,NOK,CF_CURR,,NOK
EOLUb.ST,SEK,CF_CURR,,SEK
EPEND.ST,SEK,CF_CURR,,SEK
EPIRa.ST,SEK,CF_CURR,,SEK
EPISb.ST,SEK,CF_CURR,,SEK
EPR.OL,NOK,CF_CURR,,NOK
EPROb.ST,SEK,CF_CURR,,SEK
EQNR.OL,NOK,CF_CURR,,NOK
EQVA.OL,NOK,CF_CURR,,NOK
ERICb.ST,SEK,CF_CURR,,SEK
ESENSE.HE,EUR,CF_CURR,,EUR
ESSITYb.ST,SEK,CF_CURR,,SEK
ETTE.HE,EUR,CF_CURR,,EUR
EVOG.ST,SEK,CF_CURR,,SEK
EWRK.ST,SEK,CF_CURR,,SEK
EXL1V.HE,EUR,suffix_fallback,,
FED.CO,DKK,CF_CURR,,DKK
FESTI.IC,ISK,CF_CURR,,ISK
FFARMS.CO,DKK,CF_CURR,,DKK
FIA1S.HE,EUR,CF_CURR,,EUR
FLS.CO,DKK,CF_CURR,,DKK
FLUGb.CO,DKK,CF_CURR,,DKK
FORTUM.HE,EUR,CF_CURR,,EUR
FRO.OL,NOK,CF_CURR,,NOK
FSECURE.HE,EUR,CF_CURR,,EUR
FSKRS.HE,EUR,CF_CURR,,EUR
GABR.CO,DKK,CF_CURR,,DKK
GARO.ST,SEK,CF_CURR,,SEK
GENT.OL,NOK,CF_CURR,,NOK
GERHSP.CO,DKK,CF_CURR,,DKK
GJ.CO,DKK,CF_CURR,,DKK
GLA1V.HE,EUR,CF_CURR,,EUR
GMAB.CO,DKK,CF_CURR,,DKK
GN.CO,DKK,CF_CURR,,DKK
GOD.OL,NOK,CF_CURR,,NOK
GOFORE.HE,EUR,CF_CURR,,EUR
GREENM.CO,DKK,CF_CURR,,DKK
GRK.HE,EUR,CF_CURR,,EUR
GSFG.OL,NOK,CF_CURR,,NOK
GUBRA.CO,DKK,CF_CURR,,DKK
GYL.OL,NOK,CF_CURR,,NOK
GYLDb.CO,DKK,CF_CURR,,DKK
HAFNI.OL,NOK,CF_CURR,,NOK
HAGA.IC,ISK,CF_CURR,,ISK
HAPD.IC,ISK,CF_CURR,,ISK
HARBb.CO,DKK,CF_CURR,,DKK
HARVIA.HE,EUR,CF_CURR,,EUR
HAUTO.OL,NOK,CF_CURR,,NOK
HAVI.OL,NOK,CF_CURR,,NOK
HBC.OL,NOK,CF_CURR,,NOK
HEIMAR.IC,ISK,CF_CURR,,ISK
HEX.OL,NOK,CF_CURR,,NOK
HHDC.CO,DKK,CF_CURR,,DKK
HIAB.HE,EUR,CF_CURR,,EUR
HKFOODS.HE,EUR,CF_CURR,,EUR
HLUNa.CO,DKK,CF_CURR,,DKK
HMb.ST,SEK,CF_CURR,,SEK
HONBS.HE,EUR,CF_CURR,,EUR
HPUR.OL,NOK,CF_CURR,,NOK
HSHP.OL,NOK,CF_CURR,,NOK
HUH1V.HE,EUR,CF_CURR,,EUR
HUMAN.ST,SEK,CF_CURR,,SEK
HUSCO.CO,DKK,CF_CURR,,DKK
HYPRO.OL,NOK,CF_CURR,,NOK
ICEAIR.IC,ISK,CF_CURR,,ISK
ICESEA.IC,ISK,CF_CURR,,ISK
ICP1V.HE,EUR,CF_CURR,,EUR
IDEX.OL,NOK,CF_CURR,,NOK
ILKKA2.HE,EUR,suffix_fallback,,
IMMUN.ST,SEK,CF_CURR,,SEK
INVEST.HE,EUR,CF_CURR,,EUR
IOX.OL,NOK,CF_CURR,,NOK
IRLABa.ST,SEK,CF_CURR,,SEK
ISOFOL.ST,SEK,CF_CURR,,SEK
ISS.CO,DKK,CF_CURR,,DKK
ITAB.ST,SEK,CF_CURR,,SEK
ITERA.OL,NOK,CF_CURR,,NOK
IWS.OL,NOK,CF_CURR,,NOK
JBTM.IC,ISK,CF_CURR,,ISK
JDAN.CO,DKK,CF_CURR,,DKK
JINJ.OL,NOK,CF_CURR,,NOK
JM.ST,SEK,CF_CURR,,SEK
JOMA.ST,SEK,CF_CURR,,SEK
K2Apref.ST,SEK,CF_CURR,,SEK
KABEb.ST,SEK,CF_CURR,,SEK
KALDA.IC,ISK,CF_CURR,,ISK
KALMAR.HE,EUR,CF_CURR,,EUR
KAMUX.HE,EUR,CF_CURR,,EUR
KARNO.ST,SEK,CF_CURR,,SEK
KBHL.CO,DKK,CF_CURR,,DKK
KCCK.OL,NOK,CF_CURR,,NOK
KCRA.HE,EUR,CF_CURR,,EUR
KDV.ST,SEK,CF_CURR,,SEK
KELAS.HE,EUR,CF_CURR,,EUR
KEMIRA.HE,EUR,CF_CURR,,EUR
KEMPOWR.HE,EUR,CF_CURR,,EUR
KESKOB.HE,EUR,CF_CURR,,EUR
KFASTb.ST,SEK,CF_CURR,,SEK
KID.OL,NOK,CF_CURR,,NOK
KIT.OL,NOK,CF_CURR,,NOK
KLARAb.ST,SEK,CF_CURR,,SEK
KLEEb.CO,DKK,CF_CURR,,DKK
KMCP.OL,NOK,suffix_fallback,,
KNEBV.HE,EUR,CF_CURR,,EUR
KNOW.ST,SEK,CF_CURR,,SEK
KOA.OL,NOK,CF_CURR,,NOK
KOG.OL,NOK,CF_CURR,,NOK
KOMPLK.OL,NOK,CF_CURR,,NOK
KOSKI.HE,EUR,CF_CURR,,EUR
KREATE.HE,EUR,CF_CURR,,EUR
KSL.HE,EUR,CF_CURR,,EUR
LAGRb.ST,SEK,CF_CURR,,SEK
LAMMb.ST,SEK,CF_CURR,,SEK
LAMOR.HE,EUR,CF_CURR,,EUR
LEHTO.HE,EUR,CF_CURR,,EUR
LIAB.ST,SEK,CF_CURR,,SEK
LIFCOb.ST,SEK,CF_CURR,,SEK
LIMET.ST,SEK,CF_CURR,,SEK
LINDEX.HE,EUR,CF_CURR,,EUR
LINK.OL,NOK,CF_CURR,,NOK
LOGIa.ST,SEK,CF_CURR,,SEK
LOOMIS.ST,SEK,CF_CURR,,SEK
LSG.OL,NOK,CF_CURR,,NOK
LUMO.HE,EUR,CF_CURR,,EUR
LUNG.ST,SEK,CF_CURR,,SEK
LUOTEA.HE,EUR,CF_CURR,,EUR
MAERSKb.CO,DKK,CF_CURR,,DKK
MAHAa.ST,SEK,CF_CURR,,SEK
MARAS.HE,EUR,CF_CURR,,EUR
MATAS.CO,DKK,CF_CURR,,DKK
MBPH.ST,SEK,CF_CURR,,SEK
MCOVb.ST,SEK,CF_CURR,,SEK
MEABb.ST,SEK,CF_CURR,,SEK
MEDI.OL,NOK,CF_CURR,,NOK
MEDIVIR.ST,SEK,CF_CURR,,SEK
MEKKO.HE,EUR,CF_CURR,,EUR
MEKO.ST,SEK,CF_CURR,,SEK
MEREN.ST,SEK,CF_CURR,,SEK
METSB.HE,EUR,CF_CURR,,EUR
METSO.HE,EUR,CF_CURR,,EUR
MGN.OL,NOK,CF_CURR,,NOK
MILDEF.ST,SEK,CF_CURR,,SEK
MIPS.ST,SEK,CF_CURR,,SEK
MOMENT.ST,SEK,CF_CURR,,SEK
MOWI.OL,NOK,CF_CURR,,NOK
MPCC.OL,NOK,CF_CURR,,NOK
MSABb.ST,SEK,CF_CURR,,SEK
MTHH.CO,DKK,CF_CURR,,DKK
MTRS.ST,SEK,CF_CURR,,SEK
MULTI.OL,NOK,CF_CURR,,NOK
MUSTI.HE,EUR,CF_CURR,,EUR
MYCR.ST,SEK,CF_CURR,,SEK
NAPA.OL,NOK,CF_CURR,,NOK
NAS.OL,NOK,CF_CURR,,NOK
NAVA.OL,NOK,CF_CURR,,NOK
NCAB.ST,SEK,CF_CURR,,SEK
NCCb.ST,SEK,CF_CURR,,SEK
NEL.OL,NOK,CF_CURR,,NOK
NELLY.ST,SEK,CF_CURR,,SEK
NEOBO.ST,SEK,CF_CURR,,SEK
NESTE.HE,EUR,CF_CURR,,EUR
NETCG.CO,DKK,CF_CURR,,DKK
NETEL.ST,SEK,CF_CURR,,SEK
NETIB.ST,SEK,suffix_fallback,,
NEWAb.ST,SEK,CF_CURR,,SEK
NEXT.OL,NOK,CF_CURR,,NOK
NHY.OL,NOK,CF_CURR,,NOK
NIBEb.ST,SEK,CF_CURR,,SEK
NICA.ST,SEK,CF_CURR,,SEK
NILb.ST,SEK,CF_CURR,,SEK
NIVIb.ST,SEK,CF_CURR,,SEK
NKR.OL,NOK,CF_CURR,,NOK
NKT.CO,DKK,CF_CURR,,DKK
NLFSK.CO,DKK,CF_CURR,,DKK
NLG1V.HE,EUR,CF_CURR,,EUR
NMAN.ST,SEK,CF_CURR,,SEK
NNIT.CO,DKK,CF_CURR,,DKK
NOBI.ST,SEK,CF_CURR,,SEK
NOD.OL,NOK,CF_CURR,,NOK
NOHOP.HE,EUR,CF_CURR,,EUR
NOKIA.HE,EUR,CF_CURR,,EUR
NOL.OL,NOK,CF_CURR,,NOK
NOLAb.ST,SEK,CF_CURR,,SEK
NOM.OL,NOK,CF_CURR,,NOK
NORBT.OL,NOK,CF_CURR,,NOK
NORBb.ST,SEK,CF_CURR,,SEK
NORCO.OL,NOK,CF_CURR,,NOK
NORTHM.CO,DKK,CF_CURR,,DKK
NOTE.ST,SEK,CF_CURR,,SEK
NOVA.IC,ISK,CF_CURR,,ISK
NOVOb.CO,DKK,CF_CURR,,DKK
NP3.ST,SEK,CF_CURR,,SEK
NRC.OL,NOK,CF_CURR,,NOK
NSISb.CO,DKK,CF_CURR,,DKK
NSKOG.OL,NOK,CF_CURR,,NOK
NTEKb.ST,SEK,CF_CURR,,SEK
NTGNT.CO,DKK,CF_CURR,,DKK
NYFO.ST,SEK,CF_CURR,,SEK
NYKD.OL,NOK,CF_CURR,,NOK
OCS.IC,ISK,CF_CURR,,ISK
ODF.OL,NOK,CF_CURR,,NOK
ODLO.OL,NOK,CF_CURR,,NOK
OEMb.ST,SEK,CF_CURR,,SEK
OET.OL,NOK,CF_CURR,,NOK
OKEA.OL,NOK,CF_CURR,,NOK
OKEAC.CO,DKK,CF_CURR,,DKK
OLVAS.HE,EUR,CF_CURR,,EUR
ONCIN.OL,NOK,CF_CURR,,NOK
ONCO.ST,SEK,CF_CURR,,SEK
OPTOMED.HE,EUR,CF_CURR,,EUR
ORIOLA.HE,EUR,CF_CURR,,EUR
ORK.OL,NOK,CF_CURR,,NOK
ORNAV.HE,EUR,CF_CURR,,EUR
ORRON.ST,SEK,CF_CURR,,SEK
ORSTED.CO,DKK,CF_CURR,,DKK
ORTHEX.HE,EUR,CF_CURR,,EUR
ORX.ST,SEK,CF_CURR,,SEK
OTEC.OL,NOK,CF_CURR,,NOK
OTL.OL,NOK,CF_CURR,,NOK
OTOVO.OL,NOK,CF_CURR,,NOK
OUT1V.HE,EUR,CF_CURR,,EUR
OVARO.HE,EUR,CF_CURR,,EUR
OVZON.ST,SEK,CF_CURR,,SEK
PAALb.CO,DKK,CF_CURR,,DKK
PACT.ST,SEK,CF_CURR,,SEK
PAMPALO.HE,EUR,CF_CURR,,EUR
PANDXb.ST,SEK,CF_CURR,,SEK
PARKEN.CO,DKK,CF_CURR,,DKK
PARKSTa.CO,DKK,CF_CURR,,DKK
PCELL.ST,SEK,CF_CURR,,SEK
PCIB.OL,NOK,suffix_fallback,,
PEABb.ST,SEK,CF_CURR,,SEK
PENR.OL,NOK,CF_CURR,,NOK
PEXIP.OL,NOK,CF_CURR,,NOK
PFINV.CO,DKK,CF_CURR,,DKK
PHO.OL,NOK,CF_CURR,,NOK
PIERCE.ST,SEK,CF_CURR,,SEK
PIHLIS.HE,EUR,CF_CURR,,EUR
PIONb.ST,SEK,CF_CURR,,SEK
PLAZb.ST,SEK,CF_CURR,,SEK
PLT.OL,NOK,CF_CURR,,NOK
PNDORA.CO,DKK,CF_CURR,,DKK
PNOR.OL,NOK,CF_CURR,,NOK
POL.OL,NOK,CF_CURR,,NOK
PON1V.HE,EUR,CF_CURR,,EUR
POSTI.HE,EUR,CF_CURR,,EUR
PREC.ST,SEK,CF_CURR,,SEK
PREVb.ST,SEK,CF_CURR,,SEK
PRFO.ST,SEK,CF_CURR,,SEK
PRICb.ST,SEK,CF_CURR,,SEK
PRIMOF.CO,DKK,CF_CURR,,DKK
PROFb.ST,SEK,CF_CURR,,SEK
PRSO.OL,NOK,CF_CURR,,NOK
PSE.OL,NOK,CF_CURR,,NOK
PUUILO.HE,EUR,CF_CURR,,EUR
QEC.OL,NOK,CF_CURR,,NOK
QLINEA.ST,SEK,CF_CURR,,SEK
QLIRO.ST,SEK,CF_CURR,,SEK
QPR1V.HE,EUR,CF_CURR,,EUR
QTCOM.HE,EUR,CF_CURR,,EUR
RAILG.ST,SEK,CF_CURR,,SEK
RAIVV.HE,EUR,CF_CURR,,EUR
RANA.OL,NOK,suffix_fallback,,
RAP1V.HE,EUR,CF_CURR,,EUR
RAUTE.HE,EUR,CF_CURR,,EUR
RAYb.ST,SEK,CF_CURR,,SEK
RBLNb.CO,DKK,CF_CURR,,DKK
RBREW.CO,DKK,CF_CURR,,DKK
REACH.OL,NOK,CF_CURR,,NOK
REBL.HE,EUR,CF_CURR,,EUR
RECSI.OL,NOK,CF_CURR,,NOK
REG1V.HE,EUR,CF_CURR,,EUR
REITIR.IC,ISK,CF_CURR,,ISK
REJLb.ST,SEK,CF_CURR,,SEK
REKA.HE,EUR,CF_CURR,,EUR
RELAIS.HE,EUR,CF_CURR,,EUR
REMEDY.HE,EUR,CF_CURR,,EUR
RIASb.CO,DKK,CF_CURR,,DKK
ROBIT.HE,EUR,CF_CURR,,EUR
ROCKb.CO,DKK,CF_CURR,,DKK
ROVS.CO,DKK,CF_CURR,,DKK
RROS.ST,SEK,CF_CURR,,SEK
RTX.CO,DKK,CF_CURR,,DKK
RUSTA.ST,SEK,CF_CURR,,SEK
RVRC.ST,SEK,CF_CURR,,SEK
SAABb.ST,SEK,CF_CURR,,SEK
SAFETYb.ST,SEK,CF_CURR,,SEK
SAGAb.ST,SEK,CF_CURR,,SEK
SAGCV.HE,EUR,CF_CURR,,EUR
SALM.OL,NOK,CF_CURR,,NOK
SALME.OL,NOK,CF_CURR,,NOK
SAND.ST,SEK,CF_CURR,,SEK
SANION.ST,SEK,CF_CURR,,SEK
SANOMA.HE,EUR,CF_CURR,,EUR
SATSS.OL,NOK,CF_CURR,,NOK
SBBb.ST,SEK,CF_CURR,,SEK
SCANA.OL,NOK,CF_CURR,,NOK
SCANFL.HE,EUR,CF_CURR,,EUR
SCATC.OL,NOK,CF_CURR,,NOK
SCAb.ST,SEK,CF_CURR,,SEK
SCHO.CO,DKK,CF_CURR,,DKK
SCST.ST,SEK,CF_CURR,,SEK
SDIPb.ST,SEK,CF_CURR,,SEK
SECTb.ST,SEK,CF_CURR,,SEK
SECUb.ST,SEK,CF_CURR,,SEK
SEDANA.ST,SEK,CF_CURR,,SEK
SEZI.ST,SEK,CF_CURR,,SEK
SFAST.ST,SEK,CF_CURR,,SEK
SFRG.ST,SEK,CF_CURR,,SEK
SGG.ST,SEK,CF_CURR,,SEK
SHOTE.ST,SEK,CF_CURR,,SEK
SIGR.CO,DKK,CF_CURR,,DKK
SIILI.HE,EUR,CF_CURR,,EUR
SIMINN.IC,ISK,CF_CURR,,ISK
SINCH.ST,SEK,CF_CURR,,SEK
SINT.ST,SEK,CF_CURR,,SEK
SITOWS.HE,EUR,CF_CURR,,EUR
SIVEH.ST,SEK,CF_CURR,,SEK
SKAKO.CO,DKK,suffix_fallback,,
SKAb.ST,SEK,CF_CURR,,SEK
SKFb.ST,SEK,CF_CURR,,SEK
SKISb.ST,SEK,CF_CURR,,SEK
SLEEP.ST,SEK,CF_CURR,,SEK
SLPb.ST,SEK,CF_CURR,,SEK
SMCRT.OL,NOK,suffix_fallback,,
SMOP.OL,NOK,CF_CURR,,NOK
SNI.OL,NOK,CF_CURR,,NOK
SOBIV.ST,SEK,CF_CURR,,SEK
SOFF.OL,NOK,CF_CURR,,NOK
SOFb.ST,SEK,CF_CURR,,SEK
SOLARb.CO,DKK,CF_CURR,,DKK
SOLTEQ.HE,EUR,CF_CURR,,EUR
SOSI1.HE,EUR,CF_CURR,,EUR
SPGP.CO,DKK,CF_CURR,,DKK
SRV1V.HE,EUR,CF_CURR,,EUR
SSABAH.HE,EUR,CF_CURR,,EUR
SSABa.ST,SEK,CF_CURR,,SEK
SSH1V.HE,EUR,CF_CURR,,EUR
STEAV.HE,EUR,CF_CURR,,EUR
STEFb.ST,SEK,CF_CURR,,SEK
STEa.ST,SEK,CF_CURR,,SEK
STOGR.CO,DKK,CF_CURR,,DKK
STORb.ST,SEK,CF_CURR,,SEK
STRAP.CO,DKK,CF_CURR,,DKK
STRO.OL,NOK,CF_CURR,,NOK
STWK.ST,SEK,CF_CURR,,SEK
STZEb.ST,SEK,CF_CURR,,SEK
SUBC.OL,NOK,CF_CURR,,NOK
SUY1V.HE,EUR,CF_CURR,,EUR
SVEAF.ST,SEK,CF_CURR,,SEK
SVEDb.ST,SEK,CF_CURR,,SEK
SVIK.ST,SEK,CF_CURR,,SEK
SVN.IC,ISK,CF_CURR,,ISK
SWECb.ST,SEK,CF_CURR,,SEK
SWON.OL,NOK,CF_CURR,,NOK
SYN.IC,ISK,CF_CURR,,ISK
SYNACT.ST,SEK,CF_CURR,,SEK
SYNSAM.ST,SEK,CF_CURR,,SEK
SYSR.ST,SEK,CF_CURR,,SEK
TALLINK.HE,EUR,CF_CURR,,EUR
TCM.CO,DKK,CF_CURR,,DKK
TECH.OL,NOK,CF_CURR,,NOK
TEKNA.OL,NOK,CF_CURR,,NOK
TEL.OL,NOK,CF_CURR,,NOK
TEL2b.ST,SEK,CF_CURR,,SEK
TELIA.ST,SEK,CF_CURR,,SEK
TELIA1.HE,EUR,CF_CURR,,EUR
TEM1V.HE,EUR,CF_CURR,,EUR
TGS.OL,NOK,CF_CURR,,NOK
THULE.ST,SEK,CF_CURR,,SEK
TIETO.HE,EUR,CF_CURR,,EUR
TIETOS.ST,SEK,CF_CURR,,SEK
TIV.CO,DKK,CF_CURR,,DKK
TLT1V.HE,EUR,CF_CURR,,EUR
TNOM.HE,EUR,CF_CURR,,EUR
TOBII.ST,SEK,CF_CURR,,SEK
TOIVO.HE,EUR,CF_CURR,,EUR
TOKMAN.HE,EUR,CF_CURR,,EUR
TOM.OL,NOK,CF_CURR,,NOK
TRAD.ST,SEK,CF_CURR,,SEK
TRANS.ST,SEK,CF_CURR,,SEK
TRELb.ST,SEK,CF_CURR,,SEK
TRH1V.HE,EUR,CF_CURR,,EUR
TRIANb.ST,SEK,CF_CURR,,SEK
TRIFOR.CO,DKK,CF_CURR,,DKK
TRMDa.CO,DKK,CF_CURR,,DKK
TRMED.OL,NOK,CF_CURR,,NOK
TROAX.ST,SEK,CF_CURR,,SEK
TRUEb.ST,SEK,CF_CURR,,SEK
TTALO.HE,EUR,CF_CURR,,EUR
TULAV.HE,EUR,CF_CURR,,EUR
TYRES.HE,EUR,CF_CURR,,EUR
UIE.CO,DKK,CF_CURR,,DKK
UPM.HE,EUR,CF_CURR,,EUR
VAIAS.HE,EUR,CF_CURR,,EUR
VALMT.HE,EUR,CF_CURR,,EUR
VAR.OL,NOK,CF_CURR,,NOK
VBGb.ST,SEK,CF_CURR,,SEK
VEI.OL,NOK,CF_CURR,,NOK
VEND.OL,NOK,CF_CURR,,NOK
VERK.HE,EUR,CF_CURR,,EUR
VESTUM.ST,SEK,CF_CURR,,SEK
VICOR.ST,SEK,CF_CURR,,SEK
VIK1V.HE,EUR,CF_CURR,,EUR
VIMIAN.ST,SEK,CF_CURR,,SEK
VISTN.OL,NOK,CF_CURR,,NOK
VITR.ST,SEK,CF_CURR,,SEK
VITb.ST,SEK,CF_CURR,,SEK
VIVA.ST,SEK,CF_CURR,,SEK
VIVE.ST,SEK,CF_CURR,,SEK
VOLCARb.ST,SEK,CF_CURR,,SEK
VOLO.ST,SEK,CF_CURR,,SEK
VOLVb.ST,SEK,CF_CURR,,SEK
VOW.OL,NOK,CF_CURR,,NOK
VPLAYb.ST,SEK,CF_CURR,,SEK
VWS.CO,DKK,CF_CURR,,DKK
WALLb.ST,SEK,CF_CURR,,SEK
WAWI.OL,NOK,CF_CURR,,NOK
WBGRb.ST,SEK,CF_CURR,,SEK
WETTERI.HE,EUR,CF_CURR,,EUR
WIHL.ST,SEK,CF_CURR,,SEK
WISE.ST,SEK,CF_CURR,,SEK
WITH.HE,EUR,suffix_fallback,,
WRT1V.HE,EUR,CF_CURR,,EUR
WSTEP.OL,NOK,CF_CURR,,NOK
WTWa.ST,SEK,CF_CURR,,SEK
WUF1V.HE,EUR,CF_CURR,,EUR
WWI.OL,NOK,CF_CURR,,NOK
XANOb.ST,SEK,CF_CURR,,SEK
XBRANE.ST,SEK,CF_CURR,,SEK
XSPRAY.ST,SEK,CF_CURR,,SEK
XVIVO.ST,SEK,CF_CURR,,SEK
YAR.OL,NOK,CF_CURR,,NOK
YIT.HE,EUR,CF_CURR,,EUR
YUBICO.ST,SEK,CF_CURR,,SEK
ZAL.OL,NOK,CF_CURR,,NOK
ZAP.OL,NOK,CF_CURR,,NOK
ZELA.CO,DKK,CF_CURR,,DKK
ZLNA.OL,NOK,CF_CURR,,NOK
